tried,0
broad,0
movement,0
remain,0
political,0
happiness,0
onto,0
border,0
play,0
ask,0
rules,0
stay,0
vegetables,0
followed,0
snack,0
stores,0
husband,0
larger,0
producers,0
hope,0
decided,0
convenience,0
palestinian,0
israeli,0
medieval,0
maybe,0
control,0
industry,0
spot,0
further,0
quality,0
shops,0
delicious,0
spread,0
dance,0
respect,0
mix,0
article,0
houses,0
traditionally,0
regions,0
macaroni,0
beauty,0
pan,0
body,0
sound,0
wind,0
jewish,0
cakes,0
services,0
ocracoke,0
muxes,0
derwent,0
allison,0
villages,0
visited,0
concept,0
desert,0
association,0
gone,0
beyond,0
stop,0
shape,0
morning,0
workers,0
investigating,0
needed,0
spices,0
claim,0
meant,0
eaten,0
turkey,0
alive,0
type,0
lake,0
mostly,0
media,0
drive,0
italian,0
roman,0
president,0
examining,0
bar,0
works,0
dining,0
miles,0
looked,0
gave,0
beloved,0
proud,0
plate,0
key,0
oldest,0
buy,0
uses,0
feeling,0
hawaii,0
eastern,0
taken,0
global,0
eusko,0
lorighittas,0
continued,0
largest,0
edge,0
lines,0
probably,0
car,0
flavour,0
worklife,0
san,0
real,0
filled,0
icelanders,0
states,0
shared,0
serve,0
case,0
families,0
sure,0
cake,0
owner,0
blue,0
wanted,0
fry,0
season,0
knights,0
italy,0
islands,0
travellers,0
anyone,0
couple,0
nearby,0
mind,0
practice,0
thanks,0
wrote,0
towards,0
location,0
products,0
enjoy,0
homes,0
meals,0
brazil,0
professor,0
usually,0
complex,0
site,0
cultures,0
angeles,0
result,0
above,0
thousands,0
generations,0
done,0
seeds,0
remote,0
eventually,0
rendang,0
israel,0
tourism,0
festival,0
special,0
england,0
particularly,0
rock,0
paris,0
create,0
talk,0
salt,0
rest,0
sugar,0
woman,0
trying,0
fire,0
journey,0
borsch,0
parts,0
nation,0
hundreds,0
heart,0
ways,0
grew,0
rare,0
afternoon,0
moment,0
stinky,0
tell,0
europe,0
tofu,0
heard,0
understand,0
access,0
scotland,0
held,0
valley,0
international,0
walls,0
historical,0
king,0
soup,0
role,0
walked,0
seemed,0
shad,0
warsaw,0
cali,0
hotel,0
doing,0
society,0
coast,0
reason,0
internet,0
fruit,0
plants,0
singing,0
castro,0
jews,0
malta,0
wooden,0
short,0
given,0
service,0
mean,0
eyes,0
face,0
longer,0
goes,0
full,0
learned,0
health,0
knew,0
strong,0
simply,0
chinese,0
months,0
farmers,0
iceland,0
raw,0
recent,0
streets,0
let,0
author,0
salad,0
moved,0
perhaps,0
sun,0
store,0
air,0
following,0
cities,0
european,0
inspired,0
source,0
dutch,0
money,0
believed,0
tree,0
deep,0
similar,0
tiny,0
united,0
possible,0
spring,0
else,0
cooks,0
half,0
beef,0
pork,0
chocolate,0
spruce,0
â€œin,0
royal,0
death,0
soon,0
los,0
tips,0
western,0
seem,0
able,0
cold,0
mountain,0
market,0
thanksgiving,0
second,0
nothing,0
near,0
itself,0
start,0
turn,0
bring,0
speak,0
cream,0
entire,0
camembert,0
try,0
whose,0
station,0
led,0
menu,0
difficult,0
call,0
plant,0
neon,0
close,0
southern,0
summer,0
dinner,0
must,0
felt,0
train,0
portuguese,0
lives,0
communities,0
common,0
japan,0
pot,0
system,0
forest,0
london,0
getting,0
went,0
power,0
ones,0
forests,0
east,0
potatoes,0
fried,0
late,0
northern,0
building,0
landscape,0
bit,0
lunch,0
leaves,0
add,0
visit,0
ice,0
wild,0
leave,0
paella,0
built,0
road,0
population,0
person,0
got,0
working,0
sea,0
countries,0
growing,0
arrived,0
remains,0
named,0
looking,0
tourists,0
thing,0
idea,0
shop,0
pasta,0
china,0
brought,0
order,0
learn,0
keep,0
former,0
business,0
top,0
process,0
signs,0
takes,0
original,0
dr,0
saw,0
public,0
give,0
secret,0
simple,0
hard,0
minutes,0
british,0
someone,0
park,0
seen,0
lived,0
form,0
basque,0
middle,0
sometimes,0
likely,0
actually,0
mr,0
again,0
put,0
yogurt,0
wine,0
climate,0
main,0
centre,0
mother,0
five,0
within,0
seems,0
already,0
decades,0
course,0
france,0
school,0
government,0
garlic,0
indigenous,0
point,0
meaning,0
west,0
identity,0
ms,0
mountains,0
germany,0
man,0
green,0
men,0
friends,0
english,0
night,0
change,0
experience,0
welsh,0
line,0
despite,0
oil,0
sense,0
kind,0
river,0
switzerland,0
look,0
especially,0
fresh,0
taste,0
themselves,0
spanish,0
instead,0
hummus,0
centuries,0
example,0
kitchen,0
table,0
end,0
throughout,0
wall,0
against,0
space,0
art,0
women,0
head,0
feel,0
room,0
area,0
enough,0
hours,0
famous,0
white,0
india,0
group,0
show,0
least,0
places,0
created,0
considered,0
together,0
thought,0
coffee,0
added,0
university,0
trees,0
daily,0
hand,0
four,0
children,0
took,0
state,0
house,0
several,0
sweet,0
nature,0
unique,0
ever,0
essential,0
chicken,0
says,0
community,0
days,0
served,0
inside,0
asked,0
young,0
indian,0
whether,0
outside,0
street,0
visitors,0
name,0
natural,0
earth,0
beans,0
york,0
modern,0
native,0
church,0
japanese,0
swiss,0
residents,0
american,0
chefs,0
sauce,0
cook,0
heritage,0
south,0
recipe,0
tea,0
museum,0
recipes,0
foods,0
culinary,0
popular,0
cultural,0
meat,0
meal,0
land,0
restaurants,0
village,0
cheese,0
love,0
german,0
north,0
rice,0
dishes,0
chef,0
ancient,0
region,0
ingredients,0
eat,0
century,0
national,0
island,0
handpicked,0
town,0
old,0
fish,0
friday,0
twitter,0
water,0
traditional,0
cooking,0
facebook,0
french,0
instagram,0
restaurant,0
future,0
million,0
life,0
dish,0
country,0
story,0
local,0
culture,0
world,0
travel,0
people,0
view,0
stories,9.49E-05
food,0.000213211
helped,0.000231786
home,0.000270885
history,0.000333073
turned,0.000345776
black,0.000348968
behind,0.000370494
perfect,0.000379475
certain,0.000384184
nearly,0.000386316
family,0.000387713
having,0.000389737
easy,0.000391329
believe,0.000391737
due,0.000391963
social,0.000398528
quite,0.000430168
coming,0.000433564
anything,0.000454239
bread,0.000454735
eating,0.000455046
red,0.000455347
piece,0.000468604
beautiful,0.000471929
opened,0.000488913
characteristics,0.00050241
run,0.000523638
dark,0.000537101
changed,0.000539425
rich,0.000571061
spirit,0.000576808
locals,0.000584728
recently,0.000591512
born,0.000629533
although,0.000637932
music,0.000660561
roots,0.000661858
official,0.000682267
met,0.000685324
project,0.000726621
produce,0.00073855
ground,0.000740215
lost,0.000791417
whole,0.000791417
milk,0.000812646
stone,0.000826229
passed,0.000871553
gives,0.000939199
temple,0.000968425
warm,0.001003994
hands,0.001028453
based,0.001035238
rather,0.001037874
guide,0.001057199
cuisine,0.001113727
areas,0.001138492
taking,0.001259011
feast,0.001307806
grow,0.001331982
invented,0.00138539
traditions,0.00148572
classic,0.001592279
number,0.001660066
cooked,0.001837489
tradition,0.001914996
book,0.002360419
company,0.00265658
central,0.00412787
heat,0.009525375